<?xml version="1.0" encoding="UTF-8"?>
<addon id="plugin.video.traktsearch"
       name="Add New TV Shows and Movies to Trakt Watchlist"
       version="1.0.63"
       provider-name="FLBeachBum">
    <requires>
        <import addon="xbmc.python" version="3.0.0"/>
        <import addon="script.module.requests" version="2.22.0"/>
    </requires>
    <extension point="xbmc.python.pluginsource" library="default.py">
        <provides>executable video</provides>
    </extension>
    <extension point="xbmc.addon.metadata">
        <summary lang="en">Search and add content to your Trakt watchlist</summary>
        <description lang="en">Search for movies, TV shows, and actors using TMDB. Add them to your custom Trakt lists with a confirmation dialog.

SETUP INSTRUCTIONS:

STEP 1 - Get API Keys:
• TMDB API Key: Visit www.themoviedb.org → Account → Settings → API → Request API Key (free)
• Trakt API credentials: Visit https://trakt.tv/oauth/applications → Create a new application

STEP 2 - Configure Settings:
• Open add-on settings
• Under "Trakt Configuration": Enter your Trakt Client ID and Client Secret
• Under "TMDB Configuration": Enter your TMDB API Key (or use the default provided)

STEP 3 - Authorize with Trakt:
• In settings, click "► Authorize with Trakt"
• Visit the URL shown and enter the code
• Click OK when complete

STEP 4 - Configure Your Lists:
• Click "► Fetch My Trakt Lists" to see your available lists
• Enter your list slugs in settings:
  - TV Show List Name (default: newshows)
  - Movie List Name (default: movies)

STEP 5 - Start Adding Content:
• Search for Movies, TV Shows, or Actors
• Click any item to see a confirmation dialog
• Confirm to add to your Trakt watchlist!

Your content will be added to your custom Trakt lists automatically.</description>
        <platform>all</platform>
        <license>MIT</license>
        <assets>
            <icon>icon.png</icon>
            <fanart>fanart.jpg</fanart>
        </assets>
        <news>v1.0.63 - Added 3-second delay at script start. Settings dialog stays open. True one-stop configuration!</news>
    </extension>
</addon>
